ID,Start time,Completion time,Email,Name,How many hours a week do you currently work and/or attend class?,How many people do you currently live with?,How many hours a week do you currently spend on making or fixing things as a hobby?,Do you have pets? How many?,Do you feel like you decide how your day goes?,How many hours a week do you currently spend studying outside of class?,How many hours a week do you currently spend socializing with your social inner circle?,Do you currently work from home?,How many hours a week do you currently spend exercising?,"At the end of the week, do you feel like you have more or less things on your To-do list?",Do you feel that the quarantine has made you more or less connected to others?,How old are you?,"How many hours a week do you currently spend socializing with people who aren't in your inner circle, outside of work/class?",How do you feel going throughout your day?,How many hours a night do you sleep?,"Do you feel that the quarantine has resulted in spending more or less time talking with your boss, teachers, and work peers?",Do you feel like you decide what’s on your To-do list?,How many hours a day do you spend outside?,"Do you currently feel like you are more rested, or overworked?",Conversion - Overworked/Rested score flip,How many hours a week do you spend reading something you enjoy?,||INFERRED QUESTIONS||,How many hours a week are accounted for?,What is the average Outlook score?,What was the completion time?,Do you work or attend class for at least 15 hours per week?,Do you live with other people?,Do you live with more than 1 person?,Do you work or attend class more than 40 hours a week?,Do you have pets?,"Conversion - Do you have more/less things on your To-do list at the end of the week? (More, No Change, Less - 0, 1, 2)",Do you work or attend class at least 60 hours a week?,Do you spend at least 5 hours a week studying outside of class?,Do you spend at least 5 hours a week socializing with your social inner circle?,"Conversion - Do you currently work from home? (Yes, No - 1, 0)",Do you get at least 2 hours of excercize each week?,Do you get at least 10 hours of excercize each week?,"Do you spend at least 5 hours a week socializing with people who aren't in your social inner circle, outside of work/class?","How much sleep do you get per night? (9+hours, 7+hours, 5+hours, less - 3, 2, 1, 0)",Do you spend time outside?,Do you spend time reading something you enjoy?
1,5/12/20 14:33:34,5/12/20 14:36:26,anonymous,,40,1,4,3,6,2,1,Yes,1,Less,3,30,1,6,7,Less,6,0.5,6,4,2,,14.8,5,0:02:52,1,1,0,0,1,2,0,0,0,1,0,0,0,1,1,1
2,5/12/20 14:34:43,5/12/20 14:37:32,anonymous,,30,5,5,1,8,25,5,Yes,5,More,2,30,2,7,8,Less,5,1,6,4,10,,20.7,5.2,0:02:49,1,1,1,0,1,0,0,1,1,1,1,0,0,1,1,1
3,5/12/20 14:34:29,5/12/20 14:38:41,anonymous,,40,2,0,0,9,20,3,Yes,2,No Change,5,27,1,8,8,No Change,9,1.5,2,8,1,,19.1,7.8,0:04:12,1,1,1,0,0,1,0,1,0,1,1,0,0,1,1,1
4,5/12/20 14:41:40,5/12/20 14:44:30,anonymous,,40,3,5,1,7,10,5,Yes,5,More,6,36,0,6,6,Less,7,2,8,2,6,,18.1,5.6,0:02:50,1,1,1,0,1,0,0,1,1,1,1,0,0,0,1,1
5,5/12/20 14:41:24,5/12/20 14:53:32,anonymous,,35,1,30,2,6,20,5,Yes,5,No Change,3,43,0,5,7,Less,7,0,5,5,8,,21.7,5.2,0:12:08,1,1,0,0,1,1,0,1,1,1,1,0,0,1,0,1
6,5/12/20 14:51:46,5/12/20 14:56:31,anonymous,,40,1,2,0,6,10,4,No,3,No Change,5,61,0,5,7.5,No Change,9,1,6,4,4,,17.5,5.8,0:04:45,1,1,0,0,0,1,0,1,0,0,1,0,0,1,1,1
7,5/12/20 14:37:22,5/12/20 15:10:38,anonymous,,35,0,2,0,9,6,8,No,8,More,10,29,1,6,8,More,8,10,5,5,1,,26.7,7.6,0:33:16,1,0,0,0,0,0,0,1,1,0,1,0,0,1,1,1
8,5/12/20 15:34:01,5/12/20 15:36:25,anonymous,,35,2,5,2,8,3,5,Yes,4,No Change,5,29,0,5,8,Less,8,2,3,7,6,,18.3,6.6,0:02:24,1,1,1,0,1,1,0,0,1,1,1,0,0,1,1,1
9,5/12/20 15:48:06,5/12/20 15:50:39,anonymous,,70,1,0,2,3,15,6,Yes,4,More,4,30,0,4,5,Less,4,2,6,4,2,,20.9,3.8,0:02:33,1,1,0,1,1,0,1,1,1,1,1,0,0,0,1,1
10,5/12/20 16:15:54,5/12/20 16:18:10,anonymous,,50,2,5,0,5,5,10,Yes,5,More,5,34,2,5,7,More,3,5,7,3,2,,23.3,4.2,0:02:16,1,1,1,1,0,0,0,1,1,1,1,0,0,1,1,1
11,5/12/20 16:18:09,5/12/20 16:21:53,anonymous,,40,4,0,0,8,6,4,Yes,7,Less,3,41,0,6,8,Less,8,0,5,5,6,,17.0,6,0:03:44,1,1,1,0,0,2,0,1,0,1,1,0,0,1,0,1
12,5/12/20 18:23:13,5/12/20 18:25:50,anonymous,,40,5,0,2,2,5,0,No,0,More,4,32,0,2,4.5,No Change,3,0.5,9,1,0,,11.4,2.4,0:02:37,1,1,1,0,1,0,0,1,0,0,0,0,0,0,1,0
13,5/12/20 21:07:55,5/12/20 21:09:50,anonymous,,52,2,0,1,8,5,1,Yes,5,Less,2,35,0,6,9,More,7,1,6,4,6,,19.9,5.4,0:01:55,1,1,1,1,1,2,0,1,0,1,1,0,0,2,1,1
14,5/12/20 21:07:21,5/12/20 21:12:23,anonymous,,52,2,0,0,3,8,1,Yes,2,More,5,0,0,9,5,No Change,7,0,8,2,2,,14.3,5.2,0:05:02,1,1,1,1,0,0,0,1,0,1,1,0,0,0,0,1
15,5/12/20 21:09:11,5/12/20 21:13:11,anonymous,,54,1,3,1,7,4,0,Yes,0,Less,5,38,0,3,8,Less,7,0.5,3,7,0,,17.2,5.8,0:04:00,1,1,0,1,1,2,0,0,0,1,0,0,0,1,1,0
16,5/12/20 21:11:57,5/12/20 21:14:32,anonymous,,12,4,1,0,10,15,4,No,0,More,5,39,0,3,5,Less,10,1,10,0,0,,10.6,5.6,0:02:35,0,1,1,0,0,0,0,1,0,0,0,0,0,0,1,0
17,5/12/20 21:07:47,5/12/20 21:14:52,anonymous,,15,3,5,1,7,25,3,No,7,No Change,2,50,0,5,8,Less,5,10,7,3,4,,26.4,4.4,0:07:05,1,1,1,0,1,1,0,1,0,0,1,0,0,1,1,1
18,5/12/20 21:13:33,5/12/20 21:16:19,anonymous,,40,1,0,0,8,20,0,Yes,2,No Change,5,52,0,7,7,No Change,10,2,2,8,5,,18.6,7.6,0:02:46,1,1,0,0,0,1,0,1,0,1,1,0,0,1,1,1
19,5/12/20 21:13:32,5/12/20 21:17:21,anonymous,,65,3,0,6,6,2,0,Yes,0,More,5,34,0,8,6,More,3,0,9,1,0,,15.6,4.6,0:03:49,1,1,1,1,1,0,1,0,0,1,0,0,0,0,0,0
20,5/12/20 21:08:15,5/12/20 21:19:09,anonymous,,60,3,2,1,5,15,2,Yes,5,More,5,51,0,2,4,Less,7,1,10,0,0,,17.0,3.8,0:10:54,1,1,1,1,1,0,1,1,0,1,1,0,0,0,1,0
21,5/12/20 21:15:19,5/12/20 21:20:13,anonymous,,50,5,1,0,10,20,4,No,0,More,3,33,0,7,8,No Change,10,0,10,0,0,,18.7,6,0:04:54,1,1,1,1,0,0,0,1,0,0,0,0,0,1,0,0
22,5/12/20 21:13:34,5/12/20 21:22:52,anonymous,,52,0,12,0,10,15,5,No,10,More,8,37,0,2,8,More,10,2,10,0,0,,23.4,6,0:09:18,1,0,0,1,0,0,0,1,1,0,1,1,0,1,1,0
23,5/12/20 21:21:18,5/12/20 21:23:38,anonymous,,35,1,0,1,6,5,0,Yes,1,No Change,2,42,0,4,8,Less,6,1,6,4,0,,14.9,4.4,0:02:20,1,1,0,0,1,1,0,1,0,1,0,0,0,1,1,0
24,5/12/20 21:15:37,5/12/20 21:25:14,anonymous,,12,4,4,0,3,30,0,No,2,More,2,35,0,3,7,Less,3,2,5,5,2,,16.1,3.2,0:09:37,0,1,1,0,0,0,0,1,0,0,1,0,0,1,1,1
25,5/12/20 22:00:36,5/12/20 22:04:41,anonymous,,6,3,0,0,9,5,9,No,2,No Change,9,19,0,8,6,No Change,9,2,3,7,3,,11.6,8.4,0:04:05,0,1,1,0,0,1,0,1,1,0,1,0,0,0,1,1
26,5/12/20 22:40:25,5/12/20 22:42:45,anonymous,,10,2,1,1,7,3,50,No,0,More,8,19,0,3,9,Less,5,1,3,7,0,,19.1,6,0:02:20,0,1,1,0,1,0,0,0,1,0,0,0,0,2,1,0
27,5/12/20 22:53:34,5/12/20 22:55:26,anonymous,,0,1,0,1,10,0,5,No,7,No Change,3,19,0,5,7,Less,10,3,2,8,10,,13.1,7.2,0:01:52,0,1,0,0,1,1,0,0,1,0,1,0,0,1,1,1
28,5/12/20 22:53:31,5/13/20 0:17:33,anonymous,,16,3,4,4,8,2,4,Yes,1,Less,5,20,24,3,8,More,5,3,6,4,0,,18.3,5,1:24:02,1,1,1,0,1,2,0,0,0,1,0,0,1,1,1,0
29,5/13/20 9:30:38,5/13/20 9:35:28,anonymous,,40,2,5,1,6,20,1,Yes,1,More,10,25,2,3,5,More,6,1.5,5,5,1,,16.5,6,0:04:50,1,1,1,0,1,0,0,1,0,1,0,0,0,0,1,1
30,5/13/20 11:25:28,5/13/20 11:27:41,anonymous,,40,5,10,4,10,4,10,Yes,5,Less,0,23,0,3,10,More,8,3,1,9,5,,23.6,6,0:02:13,1,1,1,0,1,2,0,0,1,1,1,0,0,2,1,1
31,5/13/20 11:50:23,5/13/20 11:55:54,anonymous,,6,3,6,0,7,25,7,Yes,25,Less,5,36,0,5,6,Less,5,3,5,5,7,,19.9,5.4,0:05:31,0,1,1,0,0,2,0,1,1,1,1,1,0,0,1,1
32,5/13/20 14:07:18,5/13/20 14:08:43,anonymous,,55,2,3,2,9,10,1,Yes,0,More,2,32,1,5,8,More,5,1,7,3,3,,19.4,4.8,0:01:25,1,1,1,1,1,0,0,1,0,1,0,0,0,1,1,1
33,5/13/20 14:07:35,5/13/20 14:09:29,anonymous,,40,2,4,1,7,2,2,Yes,3,More,3,35,0,5,7,Less,6,0.5,6,4,1,,14.9,5,0:01:54,1,1,1,0,1,0,0,0,0,1,1,0,0,1,1,1
34,5/13/20 14:08:04,5/13/20 14:09:56,anonymous,,40,1,4,0,7,3,2,Yes,5,Less,2,26,0,4,8,No Change,8,1,3,7,2,,17.0,5.6,0:01:52,1,1,0,0,0,2,0,0,0,1,1,0,0,1,1,1
35,5/13/20 14:09:17,5/13/20 14:11:44,anonymous,,40,2,2,3,2,2,2,Yes,0,More,2,31,1,2,4,Less,4,1,5,5,0,,11.7,3,0:02:27,1,1,1,0,1,0,0,0,0,1,0,0,0,0,1,0
36,5/13/20 14:09:41,5/13/20 14:12:46,anonymous,,62,3,2,2,8,6,4,Yes,4,No Change,5,26,2,6,7,Less,7,2,3,7,2,,20.7,6.6,0:03:05,1,1,1,1,1,1,1,1,0,1,1,0,0,1,1,1
37,5/13/20 14:09:24,5/13/20 14:12:55,anonymous,,15,2,15,1,7,10,2,No,2,Less,5,29,0,5,6,Less,4,10,4,6,3,,22.7,5.4,0:03:31,1,1,1,0,1,2,0,1,0,0,1,0,0,0,1,1
38,5/13/20 14:09:30,5/13/20 14:13:04,anonymous,,7,4,4,0,10,10,16,No,2,More,8,29,0,2,8,Less,7,1,7,3,4,,15.1,6,0:03:34,0,1,1,0,0,0,0,1,1,0,1,0,0,1,1,1
39,5/13/20 14:09:55,5/13/20 14:13:30,anonymous,,30,3,3,0,7,3,0.5,Yes,2,More,3,47,0,7,8,No Change,6,0.5,7,3,3,,14.4,5.2,0:03:35,1,1,1,0,0,0,0,0,0,1,1,0,0,1,1,1
40,5/13/20 14:10:23,5/13/20 14:13:40,anonymous,,60,3,0,3,5,14,0,No,0,More,4,50,0,5,6,Less,5,2,10,0,0,,18.6,3.8,0:03:17,1,1,1,1,1,0,1,1,0,0,0,0,0,0,1,0
41,5/13/20 14:11:43,5/13/20 14:13:40,anonymous,,52,1,2,2,7,1,0,No,0,No Change,4,29,0,4,7,More,5,0,6,4,0,,14.9,4.8,0:01:57,1,1,0,1,1,1,0,0,0,0,0,0,0,1,0,0
42,5/13/20 14:09:55,5/13/20 14:13:52,anonymous,,55,2,5,0,10,4,1,Yes,3,No Change,5,29,0,5,8,Less,10,0,2,8,0,,17.7,7.6,0:03:57,1,1,1,1,0,1,0,0,0,1,1,0,0,1,0,0
43,5/13/20 14:10:11,5/13/20 14:14:15,anonymous,,15,2,0,0,10,20,1,No,0,No Change,3,50,0,8,8,No Change,8,0,0,10,0,,13.1,7.8,0:04:04,1,1,1,0,0,1,0,1,0,0,0,0,0,1,0,0
44,5/13/20 14:13:36,5/13/20 14:16:22,anonymous,,67,4,0,0,4,5,2,No,3,More,7,38,0,3,5,Less,4,0.5,9,1,5,,17.2,3.8,0:02:46,1,1,1,1,0,0,1,1,0,0,1,0,0,0,1,1
45,5/13/20 14:15:05,5/13/20 14:17:25,anonymous,,40,1,20,2,7,8,1,Yes,0,No Change,0,39,0,6,8,Less,7,1,3,7,0,,18.9,5.4,0:02:20,1,1,0,0,1,1,0,1,0,1,0,0,0,1,1,0
46,5/13/20 14:18:34,5/13/20 14:20:01,anonymous,,40,3,0,1,10,0,4,Yes,3,No Change,5,31,1,8,7,Less,10,1,5,5,3,,15.3,7.6,0:01:27,1,1,1,0,1,1,0,0,0,1,1,0,0,1,1,1
47,5/13/20 14:21:39,5/13/20 14:23:21,anonymous,,45,1,0,0,0,45,2,Yes,0,More,0,46,0,0,4,Less,10,3,5,5,18,,22.7,3,0:01:42,1,1,0,1,0,0,0,1,0,1,0,0,0,0,1,1
48,5/13/20 14:24:57,5/13/20 14:27:40,anonymous,,60,3,12,3,3,3,2,Yes,0,No Change,3,48,0,8,8,No Change,3,1,8,2,4,,20.6,3.8,0:02:43,1,1,1,1,1,1,1,0,0,1,0,0,0,1,1,1
49,5/13/20 14:40:46,5/13/20 14:45:21,anonymous,,40,2,5,10,5,2,3,No,1,More,8,35,0,4,6,Less,5,1,5,5,0,,14.3,5.4,0:04:35,1,1,1,0,1,0,0,0,0,0,0,0,0,0,1,0
50,5/13/20 14:48:55,5/13/20 14:53:43,anonymous,,40,5,0,3,1,5,14,Yes,2,No Change,4,34,0,3,6,Less,2,10,7,3,1,,24.9,2.6,0:04:48,1,1,1,0,1,1,0,1,1,1,1,0,0,0,1,1
51,5/13/20 15:03:13,5/13/20 15:04:58,anonymous,,40,2,0,1,7,0,1,Yes,2,More,7,35,0,3,7,Less,7,1,4,6,2,,14.4,6,0:01:45,1,1,1,0,1,0,0,0,0,1,1,0,0,1,1,1
52,5/13/20 15:05:02,5/13/20 15:06:59,anonymous,,52,1,2,2,7,1,0,No,0,No Change,4,29,0,4,7,More,5,0,6,4,0,,14.9,4.8,0:01:57,1,1,0,1,1,1,0,0,0,0,0,0,0,1,0,0
53,5/13/20 15:06:27,5/13/20 15:09:58,anonymous,,70,1,2,0,7,5,1,Yes,1,No Change,4,24,0,6,7,No Change,6,0,4,6,2,,18.6,5.8,0:03:31,1,1,0,1,0,1,1,1,0,1,0,0,0,1,0,1
54,5/13/20 15:11:42,5/13/20 15:14:49,anonymous,,40,0,8,0,9,0,5,Yes,2,No Change,7,26,0,6,9,Less,2,0,5,5,0,,16.9,5.8,0:03:07,1,0,0,0,0,1,0,0,1,1,1,0,0,2,0,0
55,5/13/20 15:33:50,5/13/20 15:36:55,anonymous,,56,3,5,1,8,0,0,No,4,No Change,1,28,0,7,7,More,9,3,5,5,2,,19.6,6,0:03:05,1,1,1,1,1,1,0,0,0,0,1,0,0,1,1,1
56,5/13/20 15:37:17,5/13/20 15:41:36,anonymous,,40,5,10,3,4,1,10,Yes,0,No Change,5,25,1,2,6,No Change,9,1,1,9,1,,16.0,5.8,0:04:19,1,1,1,0,1,1,0,0,1,1,0,0,0,0,1,1
57,5/13/20 15:43:28,5/13/20 15:46:09,anonymous,,40,1,0,2,5,2,1,No,0,More,5,27,0,3,6,No Change,6,0,8,2,1,,12.3,4.2,0:02:41,1,1,0,0,1,0,0,0,0,0,0,0,0,0,0,1
58,5/13/20 15:48:36,5/13/20 15:50:45,anonymous,,40,1,10,1,8,0,4,Yes,2,More,4,27,0,3,7,No Change,7,3,7,3,1,,18.1,5,0:02:09,1,1,0,0,1,0,0,0,0,1,1,0,0,1,1,1
59,5/13/20 14:47:44,5/13/20 16:02:48,anonymous,,35,5,2,1,4,5,1,No,1,No Change,3,27,0,7,8,Less,7,0.5,5,5,2,,15.1,5.2,1:15:04,1,1,1,0,1,1,0,1,0,0,0,0,0,1,1,1
60,5/13/20 16:27:14,5/13/20 16:29:49,anonymous,,60,1,5,1,6,6,4,Yes,7,Less,6,30,5,7,8,Less,5,1,9,1,1,,21.6,5,0:02:35,1,1,0,1,1,2,1,1,0,1,1,0,1,1,1,1
61,5/13/20 16:51:26,5/13/20 16:53:08,anonymous,,60,5,3,2,5,5,1,Yes,0,Less,7,42,1,6,6,More,6,0,6,4,5,,16.7,5.6,0:01:42,1,1,1,1,1,2,1,1,0,1,0,0,0,0,0,1
62,5/13/20 16:53:48,5/13/20 16:56:36,anonymous,,40,1,5,1,7,1,30,Yes,0,Less,6,26,4,6,6,Less,7,1,6,4,10,,19.9,6,0:02:48,1,1,0,0,1,2,0,0,1,1,0,0,0,0,1,1
63,5/13/20 17:15:28,5/13/20 17:17:25,anonymous,,48,1,0,2,0,0,10,Yes,0,More,0,26,2,2,4,Less,2,1,6,4,0,,13.6,1.6,0:01:57,1,1,0,1,1,0,0,0,1,1,0,0,0,0,1,0
64,5/13/20 17:22:21,5/13/20 17:24:32,anonymous,,15,1,15,1,7,15,2,No,1,Less,7,32,2,6,8,Less,6,0,3,7,5,,15.9,6.6,0:02:11,1,1,0,0,1,2,0,1,0,0,0,0,0,1,0,1
65,5/13/20 17:27:56,5/13/20 17:30:00,anonymous,,40,1,0,0,8,0,10,Yes,6,No Change,5,31,0,8,6,No Change,5,2,6,4,2,,16.3,6,0:02:04,1,1,0,0,0,1,0,0,1,1,1,0,0,0,1,1
66,5/13/20 17:26:11,5/13/20 17:32:08,anonymous,,40,2,5,1,5,2,3,Yes,5,No Change,4,40,0,9,7,More,6,3,1,9,5,,18.6,6.6,0:05:57,1,1,1,0,1,1,0,0,0,1,1,0,0,1,1,1
67,5/13/20 17:31:44,5/13/20 17:34:31,anonymous,,12,3,2,1,6,8,2,No,5,No Change,7,34,4,5,7,Less,6,1,5,5,4,,13.3,5.8,0:02:47,0,1,1,0,1,1,0,1,0,0,1,0,0,1,1,1
68,5/13/20 17:39:23,5/13/20 17:42:53,anonymous,,60,1,5,0,5,5,1,Yes,5,More,2,33,1,3,8,Less,3,1,7,3,3,,20.4,3.2,0:03:30,1,1,0,1,0,0,1,1,0,1,1,0,0,1,1,1
69,5/13/20 19:19:07,5/13/20 19:26:20,anonymous,,12,2,5,2,3,4,1,No,1,Less,0,32,2,3,6,Less,10,2,5,5,3,,12.0,4.2,0:07:13,0,1,1,0,1,2,0,0,0,0,0,0,0,0,1,1
70,5/13/20 19:47:06,5/13/20 19:55:01,anonymous,,8,2,5,2,5,3,5,Yes,4,More,1,36,0,2,8,Less,6,1,6,4,6,,13.4,3.6,0:07:55,0,1,1,0,1,0,0,0,1,1,1,0,0,1,1,1
71,5/13/20 19:49:29,5/13/20 19:56:42,anonymous,,12.5,3,0,1,7,8,3,No,0,No Change,3,59,0,6,9,Less,5,4,5,5,20,,19.2,5.2,0:07:13,0,1,1,0,1,1,0,1,0,0,0,0,0,2,1,1
72,5/13/20 20:25:19,5/13/20 20:27:19,anonymous,,40,4,1,2,10,10,20,Yes,10,More,10,34,3,10,8,More,10,24,1,9,5,,44.7,9.8,0:02:00,1,1,1,0,1,0,0,1,1,1,1,1,0,1,1,1
73,5/14/20 2:54:24,5/14/20 2:57:55,anonymous,,18,4,5,10,6,20,4,No,0,No Change,4,42,1,5,6,Less,6,4,5,5,5,,17.6,5.2,0:03:31,1,1,1,0,1,1,0,1,0,0,0,0,0,0,1,1
74,5/14/20 8:56:30,5/14/20 8:58:25,anonymous,,40,1,10,1,3,0,1,Yes,10,No Change,2,33,0,2,7,Less,2,2,6,4,0,,17.7,2.6,0:01:55,1,1,0,0,1,1,0,0,0,1,1,1,0,1,1,0
75,5/14/20 9:28:45,5/14/20 9:32:36,anonymous,,30,1,8,1,7,10,1,No,1,More,4,30,1,7,7,Less,7,1,5,5,1,,15.4,6,0:03:51,1,1,0,0,1,0,0,1,0,0,0,0,0,1,1,1
76,5/14/20 18:02:11,5/14/20 18:05:05,anonymous,,10,1,0,1,7,6,0,Yes,2,No Change,5,29,0,6,7,No Change,7,1,8,2,1,,10.7,5.4,0:02:54,0,1,0,0,1,1,0,1,0,1,1,0,0,1,1,1
77,5/14/20 21:33:54,5/14/20 21:36:35,anonymous,,12,2,0,2,9,14,3,Yes,12,More,2,39,0,5,7,Less,6,1,6,4,7,,14.9,5.2,0:02:41,0,1,1,0,1,0,0,1,0,1,1,1,0,1,1,1
78,5/15/20 0:07:04,5/15/20 0:09:20,anonymous,,0,2,2,3,8,0,7,Yes,3,Less,3,18,2,6,8,Less,8,2,3,7,2,,12.3,6.4,0:02:16,0,1,1,0,1,2,0,0,1,1,1,0,0,1,1,1
79,5/15/20 7:20:30,5/15/20 7:23:33,anonymous,,30,1,10,2,4,0,10,Yes,0,No Change,2,27,1,3,6,No Change,6,1,3,7,0,,14.3,4.4,0:03:03,1,1,0,0,1,1,0,0,1,1,0,0,0,0,1,0
80,5/15/20 20:22:47,5/15/20 20:24:47,anonymous,,40,0,5,1,6,0,3,Yes,6,Less,0,36,3,3,8,Less,7,2,5,5,3,,18.6,4.2,0:02:00,1,0,0,0,1,2,0,0,0,1,1,0,0,1,1,1
81,5/17/20 0:31:05,5/17/20 0:33:57,anonymous,,30,2,10,1,7,1,30,No,4,No Change,5,32,5,4,6,More,6,0.5,7,3,2,,18.2,5,0:02:52,1,1,1,0,1,1,0,0,1,0,1,0,1,0,1,1
82,5/17/20 6:48:48,5/17/20 6:52:04,anonymous,,45,0,7,1,10,1,10,Yes,7,No Change,5,28,2,7,8,More,10,2,0,10,21,,23.3,8.4,0:03:16,1,0,0,1,1,1,0,0,1,1,1,0,0,1,1,1
83,5/28/20 19:11:20,5/28/20 19:33:01,anonymous,,51.5,2,24,4,8,14,3,Yes,5,No Change,5,47,0,7,5,More,8,8,8,2,8,,28.1,6,0:21:41,1,1,1,1,1,1,0,1,0,1,1,0,0,0,1,1
84,6/4/20 19:07:53,6/4/20 19:09:36,anonymous,,50,5,8,0,8,15,1,Yes,5,More,3,31,0,8,8,More,10,4,3,7,8,,24.4,7.2,0:01:43,1,1,1,1,0,0,0,1,0,1,1,0,0,1,1,1
85,6/4/20 20:39:52,6/4/20 20:43:23,anonymous,,40,3,0,10,5,0,3,Yes,2,No Change,7,38,0,3,7,More,3,1,7,3,10,,15.9,4.2,0:03:31,1,1,1,0,1,1,0,0,0,1,1,0,0,1,1,1
86,6/4/20 21:18:16,6/4/20 21:23:12,anonymous,,40,0,0,0,6,2,2,Yes,8,More,3,41,2,5,7,More,4,8,7,3,1,,22.9,4.2,0:04:56,1,0,0,0,0,0,0,0,0,1,1,0,0,1,1,1
87,6/4/20 21:27:45,6/4/20 21:29:28,anonymous,,45,1,1,2,6,0,2,No,0,More,2,37,0,4,6,More,6,2,6,4,10,,16.3,4.4,0:01:43,1,1,0,1,1,0,0,0,0,0,0,0,0,0,1,1
88,6/5/20 8:12:38,6/5/20 8:14:53,anonymous,,40,1,2,10,7,0,5,Yes,3,No Change,4,32,0,5,8,More,6,2,4,6,5,,17.9,5.6,0:02:15,1,1,0,0,1,1,0,0,1,1,1,0,0,1,1,1
89,6/5/20 13:37:01,6/5/20 13:49:22,anonymous,,40,1,4,5,5,0,5,Yes,0,No Change,5,25,0,5,8,No Change,4,2,6,4,3,,17.4,4.6,0:12:21,1,1,0,0,1,1,0,0,1,1,0,0,0,1,1,1
90,6/5/20 14:13:54,6/5/20 14:20:08,anonymous,,0,5,20,2,5,10,7,No,2,Less,3,58,2,4,6,Less,3,2,5,5,4,,14.4,4,0:06:14,0,1,1,0,1,2,0,1,1,0,1,0,0,0,1,1
91,6/7/20 11:38:06,6/7/20 11:40:28,anonymous,,40,1,8,0,10,0,5,Yes,5,More,7,26,3,9,7,More,9,3,6,4,6,,19.6,7.8,0:02:22,1,1,0,0,0,0,0,0,1,1,1,0,0,1,1,1
92,6/10/20 10:05:55,6/10/20 10:10:17,anonymous,,40,1,1,0,8,5,2,Yes,2,No Change,4,42,1,4,7,Less,8,1,5,5,1,,15.4,5.8,0:04:22,1,1,0,0,0,1,0,1,0,1,1,0,0,1,1,1
93,6/10/20 10:44:15,6/10/20 10:46:07,anonymous,,40,1,0,0,8,0,6,Yes,5,Less,6,32,2,7,7,Less,5,2,5,5,8,,17.7,6.2,0:01:52,1,1,0,0,0,2,0,0,1,1,1,0,0,1,1,1
94,6/11/20 18:51:45,6/11/20 18:53:19,anonymous,,0,1,10,0,8,10,2,No,4,Less,2,27,0,0,8,Less,10,5,0,10,10,,18.1,6,0:01:34,0,1,0,0,0,2,0,1,0,0,1,0,0,1,1,1
95,6/11/20 18:49:48,6/11/20 18:53:51,anonymous,,45,1,0,0,6,5,4,No,3,More,3,27,1,2,6,More,7,2,7,3,5,,17.0,4.2,0:04:03,1,1,0,1,0,0,0,1,0,0,1,0,0,0,1,1
96,6/11/20 18:43:09,6/11/20 18:53:57,anonymous,,52,1,0,4,5,10,4,Yes,0,No Change,3,25,8,2,7,Less,7,0,7,3,0,,17.6,4,0:10:48,1,1,0,1,1,1,0,1,0,1,0,0,1,1,0,0
97,6/11/20 18:52:29,6/11/20 18:58:47,anonymous,,40,3,1,0,7,10,1,Yes,0,No Change,8,38,0,4,6.5,More,6,2,9,1,3,,16.4,5.2,0:06:18,1,1,1,0,0,1,0,1,0,1,0,0,0,0,1,1
98,6/11/20 19:04:20,6/11/20 19:07:45,anonymous,,35,0,0,0,8,8,7,Yes,10,No Change,5,28,0,8,8,More,8,2,6,4,5,,19.3,6.6,0:03:25,1,0,0,0,0,1,0,1,1,1,1,1,0,1,1,1
99,6/11/20 19:29:37,6/11/20 19:31:58,anonymous,,20,0,10,0,7,12,8,Yes,8,No Change,8,31,2,5,8,Less,6,2,4,6,3,,19.0,6.4,0:02:21,1,0,0,0,0,1,0,1,1,1,1,0,0,1,1,1
100,6/11/20 19:44:55,6/11/20 19:46:39,anonymous,,40,1,7,2,4,7,3,Yes,3,More,2,34,0,2,7,More,4,3,6,4,7,,19.6,3.2,0:01:44,1,1,0,0,1,0,0,1,0,1,1,0,0,1,1,1
101,6/11/20 19:53:38,6/11/20 19:56:04,anonymous,,50,3,20,1,10,20,5,Yes,7,More,10,28,10,8,6,More,7,1,3,7,1,,23.1,8.4,0:02:26,1,1,1,1,1,0,0,1,1,1,1,0,1,0,1,1
102,6/11/20 19:57:13,6/11/20 20:00:07,anonymous,,40,3,5,2,9,2,3,Yes,5,No Change,3,33,0,7,7,Less,8,1,3,7,3,,16.3,6.8,0:02:54,1,1,1,0,1,1,0,0,0,1,1,0,0,1,1,1
103,6/11/20 20:09:41,6/11/20 20:15:32,anonymous,,35,1,10,1,8,10,5,Yes,4,No Change,7,38,8,7,8,No Change,9,2,3,7,4,,20.9,7.6,0:05:51,1,1,0,0,1,1,0,1,1,1,1,0,1,1,1,1
104,6/11/20 20:23:39,6/11/20 20:26:42,anonymous,,40,3,2,0,7,0,2,Yes,3,No Change,2,34,0,7,7.5,Less,2,1,6,4,3.5,,15.7,4.4,0:03:03,1,1,1,0,0,1,0,0,0,1,1,0,0,1,1,1
105,6/11/20 21:09:50,6/11/20 21:12:08,anonymous,,45,1,10,1,6,20,20,Yes,10,Less,4,30,1,8,9,No Change,6,5,7,3,0,,29.1,5.4,0:02:18,1,1,0,1,1,2,0,1,1,1,1,1,0,2,1,0
106,6/11/20 21:34:31,6/11/20 21:41:24,anonymous,,40,1,0,2,10,5,7,Yes,7,Less,5,26,2,7,8,Less,6,2,4,6,2,,19.0,6.8,0:06:53,1,1,0,0,1,2,0,1,1,1,1,0,0,1,1,1
107,6/11/20 22:14:53,6/11/20 22:17:15,anonymous,,55,0,10,2,6,10,1,Yes,0,No Change,2,48,0,3,6,Less,7,1,7,3,1,,18.0,4.2,0:02:22,1,0,0,1,1,1,0,1,0,1,0,0,0,0,1,1
108,6/11/20 23:45:26,6/11/20 23:47:53,anonymous,,35,4,15,0,10,10,10,Yes,3.5,Less,7,28,10,2,4,Less,8,0.5,3,7,1,,16.6,6.8,0:02:27,1,1,1,0,0,2,0,1,1,1,1,0,1,0,1,1
109,6/12/20 8:33:56,6/12/20 8:36:02,anonymous,,43,4,2.5,0,6,5,2,No,2,More,7,38,0,6,5,Less,4,2,10,0,1,,14.9,4.6,0:02:06,1,1,1,1,0,0,0,1,0,0,1,0,0,0,1,1
110,6/12/20 9:00:52,6/12/20 9:02:44,anonymous,,40,3,10,3,10,4,10,Yes,2,More,4,24,2,10,5,No Change,10,10,7,3,2,,25.0,7.4,0:01:52,1,1,1,0,1,0,0,0,1,1,1,0,0,0,1,1
111,6/12/20 18:32:04,6/12/20 18:33:54,anonymous,,40,1,30,1,8,0,20,Yes,3,No Change,5,30,20,8,9,More,7,2,5,5,6,,28.0,6.6,0:01:50,1,1,0,0,1,1,0,0,1,1,1,0,1,2,1,1
112,6/12/20 18:32:40,6/12/20 18:35:13,anonymous,,40,1,20,1,7,0,10,Yes,3,No Change,5,34,0,7,8,No Change,7,10,5,5,10,,29.9,6.2,0:02:33,1,1,0,0,1,1,0,0,1,1,1,0,0,1,1,1
113,6/13/20 14:09:27,6/13/20 14:10:56,anonymous,,25,1,0,1,6,0,0,Yes,1,More,1,42,0,5,8,Less,8,1,4,6,0,,12.7,5.2,0:01:29,1,1,0,0,1,0,0,0,0,1,0,0,0,1,1,0
114,6/13/20 14:13:25,6/13/20 14:19:17,anonymous,,53,0,0,1,3,2,4,Yes,0,More,1,34,0,2,6,Less,5,1,7,3,5,,16.1,2.8,0:05:52,1,0,0,1,1,0,0,0,0,1,0,0,0,0,1,1
115,6/14/20 18:11:12,6/14/20 18:14:59,anonymous,,25,1,5,2,5,25,2,No,5,Less,6,35,1,6,9,Less,8,1,2,8,5,,19.7,6.6,0:03:47,1,1,0,0,1,2,0,1,0,0,1,0,0,2,1,1
116,6/14/20 18:47:44,6/14/20 18:50:05,anonymous,,52,3,4,1,7,6,2,No,2,More,5,35,0,6,5,No Change,7,1,7,3,0,,15.4,5.6,0:02:21,1,1,1,1,1,0,0,1,0,0,1,0,0,0,1,0
